,raw,baseline-normalised
S2,0.7894736842105263,0.7884615384615384
S3,0.8388888888888889,0.5
S4,0.9210526315789473,0.8703703703703703
S5,0.7894736842105263,1.0
S6,0.8148148148148149,1.0
S7,0.7415413533834586,0.8157894736842105
S8,0.7380952380952381,1.0
S9,0.8947368421052632,0.9814814814814814
S10,0.8181818181818181,1.0
S11,0.7865353037766831,0.5714285714285714
S13,0.9827586206896552,1.0
S14,0.5,0.3793103448275862
S15,0.8928571428571428,0.6964285714285714
S16,0.825,0.962962962962963
S17,0.49747474747474746,0.6447811447811448
