subject,start_s,end_s,label,stress,predicted_stress
S2,330,390,1,0,0
S2,360,420,1,0,0
S2,390,450,1,0,0
S2,420,480,1,0,0
S2,450,510,1,0,0
S2,480,540,1,0,0
S2,510,570,1,0,0
S2,540,600,1,0,0
S2,570,630,1,0,0
S2,600,660,1,0,0
S2,630,690,1,0,0
S2,660,720,1,0,0
S2,690,750,1,0,0
S2,720,780,1,0,0
S2,750,810,1,0,0
S2,780,840,1,0,0
S2,810,870,1,0,0
S2,840,900,1,0,0
S2,870,930,1,0,0
S2,900,960,1,0,0
S2,930,990,1,0,0
S2,960,1020,1,0,0
S2,990,1050,1,0,0
S2,1020,1080,1,0,0
S2,1050,1110,1,0,0
S2,1080,1140,1,0,0
S2,1110,1170,1,0,0
S2,1140,1200,1,0,0
S2,1170,1230,1,0,0
S2,1200,1260,1,0,0
S2,1230,1290,1,0,0
S2,1260,1320,1,0,0
S2,1290,1350,1,0,0
S2,1320,1380,1,0,0
S2,1350,1410,1,0,0
S2,1380,1440,1,0,0
S2,2280,2340,2,1,0
S2,2310,2370,2,1,0
S2,2340,2400,2,1,0
S2,2370,2430,2,1,0
S2,2400,2460,2,1,0
S2,2430,2490,2,1,0
S2,2460,2520,2,1,0
S2,2490,2550,2,1,1
S2,2520,2580,2,1,1
S2,2550,2610,2,1,1
S2,2580,2640,2,1,1
S2,2610,2670,2,1,1
S2,2640,2700,2,1,0
S2,2670,2730,2,1,1
S2,2700,2760,2,1,1
S2,2730,2790,2,1,1
S2,2760,2820,2,1,1
S2,2790,2850,2,1,1
S2,2820,2880,2,1,1
S2,4770,4830,3,0,0
S2,4800,4860,3,0,0
S2,4830,4890,3,0,0
S2,4860,4920,3,0,0
S2,4890,4950,3,0,0
S2,4920,4980,3,0,0
S2,4950,5010,3,0,0
S2,4980,5040,3,0,0
S2,5010,5070,3,0,0
S2,5040,5100,3,0,0
S3,360,420,1,0,1
S3,390,450,1,0,0
S3,420,480,1,0,0
S3,450,510,1,0,1
S3,480,540,1,0,1
S3,510,570,1,0,1
S3,540,600,1,0,1
S3,570,630,1,0,1
S3,600,660,1,0,0
S3,630,690,1,0,1
S3,660,720,1,0,1
S3,690,750,1,0,1
S3,720,780,1,0,0
S3,750,810,1,0,0
S3,780,840,1,0,1
S3,810,870,1,0,1
S3,840,900,1,0,0
S3,870,930,1,0,0
S3,900,960,1,0,0
S3,930,990,1,0,1
S3,960,1020,1,0,0
S3,990,1050,1,0,0
S3,1020,1080,1,0,0
S3,1050,1110,1,0,1
S3,1080,1140,1,0,1
S3,1110,1170,1,0,1
S3,1140,1200,1,0,0
S3,1170,1230,1,0,1
S3,1200,1260,1,0,0
S3,1230,1290,1,0,0
S3,1260,1320,1,0,1
S3,1290,1350,1,0,0
S3,1320,1380,1,0,0
S3,1350,1410,1,0,0
S3,1380,1440,1,0,1
S3,1410,1470,1,0,0
S3,2250,2310,2,1,1
S3,2280,2340,2,1,1
S3,2310,2370,2,1,1
S3,2340,2400,2,1,1
S3,2370,2430,2,1,1
S3,2400,2460,2,1,1
S3,2430,2490,2,1,1
S3,2460,2520,2,1,1
S3,2490,2550,2,1,1
S3,2520,2580,2,1,0
S3,2550,2610,2,1,1
S3,2580,2640,2,1,1
S3,2610,2670,2,1,1
S3,2640,2700,2,1,1
S3,2670,2730,2,1,1
S3,2700,2760,2,1,1
S3,2730,2790,2,1,1
S3,2760,2820,2,1,0
S3,2790,2850,2,1,1
S3,2820,2880,2,1,1
S3,5010,5070,3,0,0
S3,5040,5100,3,0,0
S3,5070,5130,3,0,0
S3,5100,5160,3,0,0
S3,5130,5190,3,0,0
S3,5160,5220,3,0,0
S3,5190,5250,3,0,0
S3,5220,5280,3,0,0
S3,5250,5310,3,0,0
S3,5280,5340,3,0,0
S3,5310,5370,3,0,0
S4,300,360,1,0,0
S4,330,390,1,0,0
S4,360,420,1,0,0
S4,390,450,1,0,0
S4,420,480,1,0,0
S4,450,510,1,0,0
S4,480,540,1,0,0
S4,510,570,1,0,0
S4,540,600,1,0,0
S4,570,630,1,0,0
S4,600,660,1,0,0
S4,630,690,1,0,0
S4,660,720,1,0,0
S4,690,750,1,0,0
S4,720,780,1,0,0
S4,750,810,1,0,0
S4,780,840,1,0,0
S4,810,870,1,0,0
S4,840,900,1,0,0
S4,870,930,1,0,0
S4,900,960,1,0,0
S4,930,990,1,0,0
S4,960,1020,1,0,0
S4,990,1050,1,0,0
S4,1020,1080,1,0,0
S4,1050,1110,1,0,0
S4,1080,1140,1,0,0
S4,1110,1170,1,0,0
S4,1140,1200,1,0,0
S4,1170,1230,1,0,0
S4,1200,1260,1,0,0
S4,1230,1290,1,0,0
S4,1260,1320,1,0,0
S4,1290,1350,1,0,0
S4,1320,1380,1,0,0
S4,1350,1410,1,0,0
S4,1380,1440,1,0,0
S4,1860,1920,3,0,0
S4,1890,1950,3,0,0
S4,1920,1980,3,0,0
S4,1950,2010,3,0,0
S4,1980,2040,3,0,0
S4,2010,2070,3,0,0
S4,2040,2100,3,0,0
S4,2070,2130,3,0,0
S4,2100,2160,3,0,0
S4,2130,2190,3,0,0
S4,3630,3690,2,1,1
S4,3660,3720,2,1,1
S4,3690,3750,2,1,1
S4,3720,3780,2,1,1
S4,3750,3810,2,1,1
S4,3780,3840,2,1,1
S4,3810,3870,2,1,1
S4,3840,3900,2,1,0
S4,3870,3930,2,1,1
S4,3900,3960,2,1,1
S4,3930,3990,2,1,1
S4,3960,4020,2,1,1
S4,3990,4050,2,1,0
S4,4020,4080,2,1,0
S4,4050,4110,2,1,1
S4,4080,4140,2,1,1
S4,4110,4170,2,1,1
S4,4140,4200,2,1,1
S4,4170,4230,2,1,1
S5,300,360,1,0,0
S5,330,390,1,0,0
S5,360,420,1,0,0
S5,390,450,1,0,0
S5,420,480,1,0,0
S5,450,510,1,0,0
S5,480,540,1,0,0
S5,510,570,1,0,0
S5,540,600,1,0,0
S5,570,630,1,0,0
S5,600,660,1,0,0
S5,630,690,1,0,0
S5,660,720,1,0,0
S5,690,750,1,0,0
S5,720,780,1,0,0
S5,750,810,1,0,0
S5,780,840,1,0,0
S5,810,870,1,0,0
S5,840,900,1,0,0
S5,870,930,1,0,0
S5,900,960,1,0,0
S5,930,990,1,0,0
S5,960,1020,1,0,0
S5,990,1050,1,0,0
S5,1020,1080,1,0,0
S5,1050,1110,1,0,0
S5,1080,1140,1,0,0
S5,1110,1170,1,0,0
S5,1140,1200,1,0,0
S5,1170,1230,1,0,0
S5,1200,1260,1,0,0
S5,1230,1290,1,0,0
S5,1260,1320,1,0,0
S5,1290,1350,1,0,0
S5,1320,1380,1,0,0
S5,1350,1410,1,0,0
S5,1380,1440,1,0,0
S5,1410,1470,1,0,0
S5,1890,1950,3,0,0
S5,1920,1980,3,0,0
S5,1950,2010,3,0,0
S5,1980,2040,3,0,0
S5,2010,2070,3,0,0
S5,2040,2100,3,0,0
S5,2070,2130,3,0,0
S5,2100,2160,3,0,0
S5,2130,2190,3,0,0
S5,2160,2220,3,0,0
S5,3630,3690,2,1,0
S5,3660,3720,2,1,0
S5,3690,3750,2,1,1
S5,3720,3780,2,1,1
S5,3750,3810,2,1,1
S5,3780,3840,2,1,0
S5,3810,3870,2,1,1
S5,3840,3900,2,1,1
S5,3870,3930,2,1,1
S5,3900,3960,2,1,1
S5,3930,3990,2,1,0
S5,3960,4020,2,1,0
S5,3990,4050,2,1,0
S5,4020,4080,2,1,0
S5,4050,4110,2,1,1
S5,4080,4140,2,1,1
S5,4110,4170,2,1,1
S5,4140,4200,2,1,1
S5,4170,4230,2,1,0
S6,660,720,1,0,0
S6,690,750,1,0,0
S6,720,780,1,0,0
S6,750,810,1,0,0
S6,780,840,1,0,1
S6,810,870,1,0,1
S6,840,900,1,0,1
S6,870,930,1,0,1
S6,900,960,1,0,1
S6,930,990,1,0,0
S6,960,1020,1,0,0
S6,990,1050,1,0,0
S6,1020,1080,1,0,0
S6,1050,1110,1,0,0
S6,1080,1140,1,0,0
S6,1110,1170,1,0,0
S6,1140,1200,1,0,0
S6,1170,1230,1,0,0
S6,1200,1260,1,0,0
S6,1230,1290,1,0,0
S6,1260,1320,1,0,0
S6,1290,1350,1,0,0
S6,1320,1380,1,0,0
S6,1350,1410,1,0,0
S6,1380,1440,1,0,0
S6,1410,1470,1,0,0
S6,1440,1500,1,0,0
S6,1470,1530,1,0,0
S6,1500,1560,1,0,0
S6,1530,1590,1,0,0
S6,1560,1620,1,0,0
S6,1590,1650,1,0,0
S6,1620,1680,1,0,0
S6,1650,1710,1,0,0
S6,1680,1740,1,0,0
S6,1710,1770,1,0,0
S6,1740,1800,1,0,0
S6,2460,2520,2,1,1
S6,2490,2550,2,1,1
S6,2520,2580,2,1,1
S6,2550,2610,2,1,1
S6,2580,2640,2,1,1
S6,2610,2670,2,1,1
S6,2640,2700,2,1,1
S6,2670,2730,2,1,1
S6,2700,2760,2,1,1
S6,2730,2790,2,1,1
S6,2760,2820,2,1,1
S6,2790,2850,2,1,1
S6,2820,2880,2,1,1
S6,2850,2910,2,1,1
S6,2880,2940,2,1,1
S6,2910,2970,2,1,1
S6,2940,3000,2,1,1
S6,2970,3030,2,1,1
S6,3000,3060,2,1,1
S6,3030,3090,2,1,1
S6,5580,5640,3,0,1
S6,5610,5670,3,0,1
S6,5640,5700,3,0,1
S6,5670,5730,3,0,1
S6,5700,5760,3,0,1
S6,5730,5790,3,0,1
S6,5760,5820,3,0,1
S6,5790,5850,3,0,1
S6,5820,5880,3,0,1
S6,5850,5910,3,0,1
S7,120,180,1,0,1
S7,150,210,1,0,0
S7,180,240,1,0,0
S7,210,270,1,0,0
S7,240,300,1,0,0
S7,270,330,1,0,0
S7,300,360,1,0,1
S7,330,390,1,0,0
S7,360,420,1,0,0
S7,390,450,1,0,1
S7,420,480,1,0,0
S7,450,510,1,0,0
S7,480,540,1,0,0
S7,510,570,1,0,0
S7,540,600,1,0,0
S7,570,630,1,0,0
S7,600,660,1,0,1
S7,630,690,1,0,1
S7,660,720,1,0,1
S7,690,750,1,0,1
S7,720,780,1,0,0
S7,750,810,1,0,0
S7,780,840,1,0,0
S7,810,870,1,0,0
S7,840,900,1,0,0
S7,870,930,1,0,1
S7,900,960,1,0,0
S7,930,990,1,0,0
S7,960,1020,1,0,1
S7,990,1050,1,0,0
S7,1020,1080,1,0,0
S7,1050,1110,1,0,0
S7,1080,1140,1,0,0
S7,1110,1170,1,0,0
S7,1140,1200,1,0,0
S7,1170,1230,1,0,0
S7,1200,1260,1,0,0
S7,1560,1620,3,0,1
S7,1590,1650,3,0,1
S7,1620,1680,3,0,1
S7,1650,1710,3,0,1
S7,1680,1740,3,0,1
S7,1710,1770,3,0,1
S7,1740,1800,3,0,1
S7,1770,1830,3,0,1
S7,1800,1860,3,0,1
S7,1830,1890,3,0,1
S7,1860,1920,3,0,1
S7,3120,3180,2,1,1
S7,3150,3210,2,1,1
S7,3180,3240,2,1,1
S7,3210,3270,2,1,1
S7,3240,3300,2,1,1
S7,3270,3330,2,1,1
S7,3300,3360,2,1,1
S7,3330,3390,2,1,1
S7,3360,3420,2,1,1
S7,3390,3450,2,1,1
S7,3420,3480,2,1,1
S7,3450,3510,2,1,1
S7,3480,3540,2,1,1
S7,3510,3570,2,1,1
S7,3540,3600,2,1,1
S7,3570,3630,2,1,1
S7,3600,3660,2,1,1
S7,3630,3690,2,1,0
S7,3660,3720,2,1,1
S8,180,240,1,0,0
S8,210,270,1,0,0
S8,240,300,1,0,0
S8,270,330,1,0,0
S8,300,360,1,0,0
S8,330,390,1,0,0
S8,360,420,1,0,0
S8,390,450,1,0,0
S8,420,480,1,0,0
S8,450,510,1,0,0
S8,480,540,1,0,0
S8,510,570,1,0,0
S8,540,600,1,0,0
S8,570,630,1,0,0
S8,600,660,1,0,0
S8,630,690,1,0,0
S8,660,720,1,0,0
S8,690,750,1,0,0
S8,720,780,1,0,0
S8,750,810,1,0,0
S8,780,840,1,0,0
S8,810,870,1,0,0
S8,840,900,1,0,0
S8,870,930,1,0,0
S8,900,960,1,0,0
S8,930,990,1,0,0
S8,960,1020,1,0,0
S8,990,1050,1,0,0
S8,1020,1080,1,0,0
S8,1050,1110,1,0,0
S8,1080,1140,1,0,0
S8,1110,1170,1,0,0
S8,1140,1200,1,0,0
S8,1170,1230,1,0,0
S8,1200,1260,1,0,0
S8,1230,1290,1,0,0
S8,1260,1320,1,0,0
S8,1680,1740,3,0,0
S8,1710,1770,3,0,0
S8,1740,1800,3,0,0
S8,1770,1830,3,0,0
S8,1800,1860,3,0,0
S8,1830,1890,3,0,0
S8,1860,1920,3,0,0
S8,1890,1950,3,0,0
S8,1920,1980,3,0,0
S8,1950,2010,3,0,0
S8,3300,3360,2,1,0
S8,3330,3390,2,1,0
S8,3360,3420,2,1,0
S8,3390,3450,2,1,0
S8,3420,3480,2,1,0
S8,3450,3510,2,1,0
S8,3480,3540,2,1,1
S8,3510,3570,2,1,1
S8,3540,3600,2,1,1
S8,3570,3630,2,1,0
S8,3600,3660,2,1,1
S8,3630,3690,2,1,1
S8,3660,3720,2,1,0
S8,3690,3750,2,1,1
S8,3720,3780,2,1,1
S8,3750,3810,2,1,1
S8,3780,3840,2,1,1
S8,3810,3870,2,1,0
S8,3840,3900,2,1,0
S8,3870,3930,2,1,0
S8,3900,3960,2,1,1
S9,90,150,1,0,0
S9,120,180,1,0,0
S9,150,210,1,0,0
S9,180,240,1,0,0
S9,210,270,1,0,0
S9,240,300,1,0,0
S9,270,330,1,0,0
S9,300,360,1,0,0
S9,330,390,1,0,0
S9,360,420,1,0,0
S9,390,450,1,0,0
S9,420,480,1,0,0
S9,450,510,1,0,0
S9,480,540,1,0,0
S9,510,570,1,0,0
S9,540,600,1,0,0
S9,570,630,1,0,0
S9,600,660,1,0,0
S9,630,690,1,0,0
S9,660,720,1,0,0
S9,690,750,1,0,0
S9,720,780,1,0,0
S9,750,810,1,0,0
S9,780,840,1,0,0
S9,810,870,1,0,0
S9,840,900,1,0,0
S9,870,930,1,0,0
S9,900,960,1,0,0
S9,930,990,1,0,0
S9,960,1020,1,0,0
S9,990,1050,1,0,0
S9,1020,1080,1,0,0
S9,1050,1110,1,0,0
S9,1080,1140,1,0,0
S9,1110,1170,1,0,0
S9,1140,1200,1,0,0
S9,1170,1230,1,0,0
S9,1890,1950,2,1,1
S9,1920,1980,2,1,1
S9,1950,2010,2,1,1
S9,1980,2040,2,1,1
S9,2010,2070,2,1,1
S9,2040,2100,2,1,0
S9,2070,2130,2,1,1
S9,2100,2160,2,1,1
S9,2130,2190,2,1,1
S9,2160,2220,2,1,1
S9,2190,2250,2,1,1
S9,2220,2280,2,1,0
S9,2250,2310,2,1,0
S9,2280,2340,2,1,0
S9,2310,2370,2,1,1
S9,2340,2400,2,1,1
S9,2370,2430,2,1,1
S9,2400,2460,2,1,1
S9,2430,2490,2,1,1
S9,4080,4140,3,0,0
S9,4110,4170,3,0,0
S9,4140,4200,3,0,0
S9,4170,4230,3,0,0
S9,4200,4260,3,0,0
S9,4230,4290,3,0,0
S9,4260,4320,3,0,0
S9,4290,4350,3,0,0
S9,4320,4380,3,0,0
S9,4350,4410,3,0,0
S10,120,180,1,0,0
S10,150,210,1,0,0
S10,180,240,1,0,0
S10,210,270,1,0,0
S10,240,300,1,0,0
S10,270,330,1,0,0
S10,300,360,1,0,0
S10,330,390,1,0,0
S10,360,420,1,0,0
S10,390,450,1,0,0
S10,420,480,1,0,0
S10,450,510,1,0,0
S10,480,540,1,0,0
S10,510,570,1,0,0
S10,540,600,1,0,0
S10,570,630,1,0,0
S10,600,660,1,0,0
S10,630,690,1,0,0
S10,660,720,1,0,0
S10,690,750,1,0,0
S10,720,780,1,0,0
S10,750,810,1,0,0
S10,780,840,1,0,0
S10,810,870,1,0,0
S10,840,900,1,0,0
S10,870,930,1,0,0
S10,900,960,1,0,0
S10,930,990,1,0,0
S10,960,1020,1,0,0
S10,990,1050,1,0,0
S10,1020,1080,1,0,0
S10,1050,1110,1,0,0
S10,1080,1140,1,0,0
S10,1110,1170,1,0,0
S10,1140,1200,1,0,0
S10,1170,1230,1,0,0
S10,1200,1260,1,0,0
S10,1620,1680,3,0,0
S10,1650,1710,3,0,0
S10,1680,1740,3,0,0
S10,1710,1770,3,0,0
S10,1740,1800,3,0,0
S10,1770,1830,3,0,0
S10,1800,1860,3,0,0
S10,1830,1890,3,0,0
S10,1860,1920,3,0,0
S10,1890,1950,3,0,0
S10,3210,3270,2,1,1
S10,3240,3300,2,1,1
S10,3270,3330,2,1,1
S10,3300,3360,2,1,1
S10,3330,3390,2,1,1
S10,3360,3420,2,1,1
S10,3390,3450,2,1,1
S10,3420,3480,2,1,1
S10,3450,3510,2,1,1
S10,3480,3540,2,1,1
S10,3510,3570,2,1,1
S10,3540,3600,2,1,1
S10,3570,3630,2,1,1
S10,3600,3660,2,1,1
S10,3630,3690,2,1,0
S10,3660,3720,2,1,0
S10,3690,3750,2,1,0
S10,3720,3780,2,1,0
S10,3750,3810,2,1,0
S10,3780,3840,2,1,0
S10,3810,3870,2,1,0
S10,3840,3900,2,1,0
S11,90,150,1,0,0
S11,120,180,1,0,0
S11,150,210,1,0,0
S11,180,240,1,0,0
S11,210,270,1,0,0
S11,240,300,1,0,0
S11,270,330,1,0,0
S11,300,360,1,0,0
S11,330,390,1,0,0
S11,360,420,1,0,0
S11,390,450,1,0,0
S11,420,480,1,0,1
S11,450,510,1,0,1
S11,480,540,1,0,0
S11,510,570,1,0,0
S11,540,600,1,0,0
S11,570,630,1,0,0
S11,600,660,1,0,0
S11,630,690,1,0,0
S11,660,720,1,0,0
S11,690,750,1,0,0
S11,720,780,1,0,0
S11,750,810,1,0,0
S11,780,840,1,0,0
S11,810,870,1,0,0
S11,840,900,1,0,0
S11,870,930,1,0,0
S11,900,960,1,0,0
S11,930,990,1,0,0
S11,960,1020,1,0,0
S11,990,1050,1,0,0
S11,1020,1080,1,0,0
S11,1050,1110,1,0,0
S11,1080,1140,1,0,0
S11,1110,1170,1,0,0
S11,1140,1200,1,0,0
S11,1170,1230,1,0,0
S11,1200,1260,1,0,0
S11,1920,1980,2,1,1
S11,1950,2010,2,1,1
S11,1980,2040,2,1,1
S11,2010,2070,2,1,1
S11,2040,2100,2,1,1
S11,2070,2130,2,1,1
S11,2100,2160,2,1,1
S11,2130,2190,2,1,1
S11,2160,2220,2,1,1
S11,2190,2250,2,1,1
S11,2220,2280,2,1,1
S11,2250,2310,2,1,1
S11,2280,2340,2,1,1
S11,2310,2370,2,1,1
S11,2340,2400,2,1,1
S11,2370,2430,2,1,1
S11,2400,2460,2,1,1
S11,2430,2490,2,1,1
S11,2460,2520,2,1,1
S11,2490,2550,2,1,1
S11,2520,2580,2,1,0
S11,4110,4170,3,0,1
S11,4140,4200,3,0,1
S11,4170,4230,3,0,1
S11,4200,4260,3,0,1
S11,4230,4290,3,0,1
S11,4260,4320,3,0,1
S11,4290,4350,3,0,1
S11,4320,4380,3,0,1
S11,4350,4410,3,0,1
S11,4380,4440,3,0,1
S11,4410,4470,3,0,1
S13,90,150,1,0,0
S13,120,180,1,0,1
S13,150,210,1,0,1
S13,180,240,1,0,1
S13,210,270,1,0,0
S13,240,300,1,0,0
S13,270,330,1,0,0
S13,300,360,1,0,0
S13,330,390,1,0,0
S13,360,420,1,0,0
S13,390,450,1,0,0
S13,420,480,1,0,0
S13,450,510,1,0,0
S13,480,540,1,0,0
S13,510,570,1,0,0
S13,540,600,1,0,0
S13,570,630,1,0,0
S13,600,660,1,0,0
S13,630,690,1,0,0
S13,660,720,1,0,0
S13,690,750,1,0,0
S13,720,780,1,0,0
S13,750,810,1,0,0
S13,780,840,1,0,0
S13,810,870,1,0,0
S13,840,900,1,0,0
S13,870,930,1,0,0
S13,900,960,1,0,0
S13,930,990,1,0,0
S13,960,1020,1,0,0
S13,990,1050,1,0,0
S13,1020,1080,1,0,0
S13,1050,1110,1,0,0
S13,1080,1140,1,0,0
S13,1110,1170,1,0,0
S13,1140,1200,1,0,0
S13,1170,1230,1,0,0
S13,1200,1260,1,0,0
S13,1680,1740,3,0,0
S13,1710,1770,3,0,0
S13,1740,1800,3,0,0
S13,1770,1830,3,0,0
S13,1800,1860,3,0,0
S13,1830,1890,3,0,1
S13,1860,1920,3,0,0
S13,1890,1950,3,0,0
S13,1920,1980,3,0,0
S13,1950,2010,3,0,0
S13,1980,2040,3,0,0
S13,3270,3330,2,1,1
S13,3300,3360,2,1,1
S13,3330,3390,2,1,1
S13,3360,3420,2,1,1
S13,3390,3450,2,1,1
S13,3420,3480,2,1,1
S13,3450,3510,2,1,1
S13,3480,3540,2,1,1
S13,3510,3570,2,1,1
S13,3540,3600,2,1,1
S13,3570,3630,2,1,1
S13,3600,3660,2,1,1
S13,3630,3690,2,1,1
S13,3660,3720,2,1,1
S13,3690,3750,2,1,1
S13,3720,3780,2,1,1
S13,3750,3810,2,1,1
S13,3780,3840,2,1,1
S13,3810,3870,2,1,1
S13,3840,3900,2,1,1
S14,30,90,1,0,0
S14,60,120,1,0,0
S14,90,150,1,0,0
S14,120,180,1,0,0
S14,150,210,1,0,0
S14,180,240,1,0,0
S14,210,270,1,0,0
S14,240,300,1,0,0
S14,270,330,1,0,0
S14,300,360,1,0,0
S14,330,390,1,0,0
S14,360,420,1,0,0
S14,390,450,1,0,0
S14,420,480,1,0,0
S14,450,510,1,0,0
S14,480,540,1,0,0
S14,510,570,1,0,0
S14,540,600,1,0,0
S14,570,630,1,0,0
S14,600,660,1,0,0
S14,630,690,1,0,0
S14,660,720,1,0,0
S14,690,750,1,0,0
S14,720,780,1,0,0
S14,750,810,1,0,0
S14,780,840,1,0,0
S14,810,870,1,0,0
S14,840,900,1,0,0
S14,870,930,1,0,0
S14,900,960,1,0,0
S14,930,990,1,0,0
S14,960,1020,1,0,0
S14,990,1050,1,0,0
S14,1020,1080,1,0,0
S14,1050,1110,1,0,0
S14,1080,1140,1,0,0
S14,1110,1170,1,0,0
S14,1140,1200,1,0,0
S14,1920,1980,2,1,0
S14,1950,2010,2,1,0
S14,1980,2040,2,1,0
S14,2010,2070,2,1,0
S14,2040,2100,2,1,0
S14,2070,2130,2,1,0
S14,2100,2160,2,1,0
S14,2130,2190,2,1,0
S14,2160,2220,2,1,0
S14,2190,2250,2,1,0
S14,2220,2280,2,1,0
S14,2250,2310,2,1,0
S14,2280,2340,2,1,0
S14,2310,2370,2,1,0
S14,2340,2400,2,1,0
S14,2370,2430,2,1,0
S14,2400,2460,2,1,0
S14,2430,2490,2,1,0
S14,2460,2520,2,1,0
S14,2490,2550,2,1,0
S14,4320,4380,3,0,0
S14,4350,4410,3,0,0
S14,4380,4440,3,0,0
S14,4410,4470,3,0,0
S14,4440,4500,3,0,0
S14,4470,4530,3,0,0
S14,4500,4560,3,0,0
S14,4530,4590,3,0,0
S14,4560,4620,3,0,0
S14,4590,4650,3,0,0
S14,4620,4680,3,0,0
S15,120,180,1,0,0
S15,150,210,1,0,0
S15,180,240,1,0,0
S15,210,270,1,0,0
S15,240,300,1,0,0
S15,270,330,1,0,0
S15,300,360,1,0,0
S15,330,390,1,0,0
S15,360,420,1,0,0
S15,390,450,1,0,0
S15,420,480,1,0,0
S15,450,510,1,0,0
S15,480,540,1,0,0
S15,510,570,1,0,0
S15,540,600,1,0,0
S15,570,630,1,0,0
S15,600,660,1,0,0
S15,630,690,1,0,0
S15,660,720,1,0,0
S15,690,750,1,0,0
S15,720,780,1,0,0
S15,750,810,1,0,0
S15,780,840,1,0,0
S15,810,870,1,0,0
S15,840,900,1,0,0
S15,870,930,1,0,0
S15,900,960,1,0,0
S15,930,990,1,0,0
S15,960,1020,1,0,0
S15,990,1050,1,0,0
S15,1020,1080,1,0,0
S15,1050,1110,1,0,0
S15,1080,1140,1,0,0
S15,1110,1170,1,0,0
S15,1140,1200,1,0,0
S15,1170,1230,1,0,0
S15,1200,1260,1,0,0
S15,1620,1680,3,0,1
S15,1650,1710,3,0,1
S15,1680,1740,3,0,1
S15,1710,1770,3,0,1
S15,1740,1800,3,0,1
S15,1770,1830,3,0,0
S15,1800,1860,3,0,1
S15,1830,1890,3,0,0
S15,1860,1920,3,0,0
S15,1890,1950,3,0,0
S15,1920,1980,3,0,0
S15,3120,3180,2,1,1
S15,3150,3210,2,1,1
S15,3180,3240,2,1,1
S15,3210,3270,2,1,1
S15,3240,3300,2,1,1
S15,3270,3330,2,1,1
S15,3300,3360,2,1,1
S15,3330,3390,2,1,1
S15,3360,3420,2,1,1
S15,3390,3450,2,1,1
S15,3420,3480,2,1,1
S15,3450,3510,2,1,1
S15,3480,3540,2,1,1
S15,3510,3570,2,1,1
S15,3540,3600,2,1,1
S15,3570,3630,2,1,1
S15,3600,3660,2,1,1
S15,3630,3690,2,1,1
S15,3660,3720,2,1,1
S15,3690,3750,2,1,1
S15,3720,3780,2,1,1
S16,120,180,1,0,0
S16,150,210,1,0,0
S16,180,240,1,0,0
S16,210,270,1,0,0
S16,240,300,1,0,0
S16,270,330,1,0,0
S16,300,360,1,0,0
S16,330,390,1,0,0
S16,360,420,1,0,0
S16,390,450,1,0,0
S16,420,480,1,0,0
S16,450,510,1,0,0
S16,480,540,1,0,0
S16,510,570,1,0,0
S16,540,600,1,0,0
S16,570,630,1,0,0
S16,600,660,1,0,0
S16,630,690,1,0,0
S16,660,720,1,0,0
S16,690,750,1,0,0
S16,720,780,1,0,0
S16,750,810,1,0,0
S16,780,840,1,0,0
S16,810,870,1,0,0
S16,840,900,1,0,0
S16,870,930,1,0,0
S16,900,960,1,0,0
S16,930,990,1,0,0
S16,960,1020,1,0,0
S16,990,1050,1,0,0
S16,1020,1080,1,0,0
S16,1050,1110,1,0,0
S16,1080,1140,1,0,0
S16,1110,1170,1,0,0
S16,1140,1200,1,0,0
S16,1170,1230,1,0,0
S16,1200,1260,1,0,0
S16,2010,2070,2,1,1
S16,2040,2100,2,1,1
S16,2070,2130,2,1,1
S16,2100,2160,2,1,0
S16,2130,2190,2,1,0
S16,2160,2220,2,1,0
S16,2190,2250,2,1,0
S16,2220,2280,2,1,1
S16,2250,2310,2,1,0
S16,2280,2340,2,1,1
S16,2310,2370,2,1,0
S16,2340,2400,2,1,0
S16,2370,2430,2,1,1
S16,2400,2460,2,1,1
S16,2430,2490,2,1,1
S16,2460,2520,2,1,1
S16,2490,2550,2,1,1
S16,2520,2580,2,1,1
S16,2550,2610,2,1,1
S16,2580,2640,2,1,1
S16,4350,4410,3,0,0
S16,4380,4440,3,0,0
S16,4410,4470,3,0,0
S16,4440,4500,3,0,0
S16,4470,4530,3,0,0
S16,4500,4560,3,0,0
S16,4530,4590,3,0,0
S16,4560,4620,3,0,0
S16,4590,4650,3,0,0
S16,4620,4680,3,0,0
S17,120,180,1,0,0
S17,150,210,1,0,0
S17,180,240,1,0,0
S17,210,270,1,0,1
S17,240,300,1,0,0
S17,270,330,1,0,0
S17,300,360,1,0,0
S17,330,390,1,0,0
S17,360,420,1,0,0
S17,390,450,1,0,0
S17,420,480,1,0,0
S17,450,510,1,0,0
S17,480,540,1,0,1
S17,510,570,1,0,1
S17,540,600,1,0,0
S17,570,630,1,0,0
S17,600,660,1,0,0
S17,630,690,1,0,0
S17,660,720,1,0,0
S17,690,750,1,0,0
S17,720,780,1,0,0
S17,750,810,1,0,1
S17,780,840,1,0,1
S17,810,870,1,0,1
S17,840,900,1,0,1
S17,870,930,1,0,1
S17,900,960,1,0,1
S17,930,990,1,0,1
S17,960,1020,1,0,0
S17,990,1050,1,0,0
S17,1020,1080,1,0,0
S17,1050,1110,1,0,0
S17,1080,1140,1,0,1
S17,1110,1170,1,0,0
S17,1140,1200,1,0,1
S17,1170,1230,1,0,1
S17,1200,1260,1,0,1
S17,1770,1830,3,0,1
S17,1800,1860,3,0,1
S17,1830,1890,3,0,1
S17,1860,1920,3,0,1
S17,1890,1950,3,0,1
S17,1920,1980,3,0,1
S17,1950,2010,3,0,1
S17,1980,2040,3,0,1
S17,2010,2070,3,0,1
S17,2040,2100,3,0,1
S17,3540,3600,2,1,1
S17,3570,3630,2,1,1
S17,3600,3660,2,1,1
S17,3630,3690,2,1,1
S17,3660,3720,2,1,1
S17,3690,3750,2,1,1
S17,3720,3780,2,1,1
S17,3750,3810,2,1,1
S17,3780,3840,2,1,1
S17,3810,3870,2,1,1
S17,3840,3900,2,1,1
S17,3870,3930,2,1,1
S17,3900,3960,2,1,1
S17,3930,3990,2,1,1
S17,3960,4020,2,1,1
S17,3990,4050,2,1,1
S17,4020,4080,2,1,1
S17,4050,4110,2,1,0
S17,4080,4140,2,1,0
S17,4110,4170,2,1,0
S17,4140,4200,2,1,0
S17,4170,4230,2,1,0
