subject,balanced_acc,stress_sensitivity,specificity,f1_stress,true_negatives,false_positives,false_negatives,true_positives
S2,0.7894736842105263,0.5789473684210527,1.0,0.7333333333333333,46,0,8,11
S3,0.7585106382978724,0.9,0.6170212765957447,0.6428571428571429,29,18,2,18
S4,0.9210526315789473,0.8421052631578947,1.0,0.9142857142857143,47,0,3,16
S5,0.7894736842105263,0.5789473684210527,1.0,0.7333333333333333,48,0,8,11
S6,0.8404255319148937,1.0,0.6808510638297872,0.7272727272727273,32,15,0,20
S7,0.7653508771929824,0.9473684210526315,0.5833333333333334,0.631578947368421,28,20,1,18
S8,0.7380952380952381,0.47619047619047616,1.0,0.6451612903225806,47,0,11,10
S9,0.8947368421052632,0.7894736842105263,1.0,0.8823529411764706,47,0,4,15
S10,0.8181818181818181,0.6363636363636364,1.0,0.7777777777777778,47,0,8,14
S11,0.8435374149659864,0.9523809523809523,0.7346938775510204,0.7407407407407407,36,13,1,20
S13,0.9591836734693877,1.0,0.9183673469387755,0.9090909090909091,45,4,0,20
S14,0.5,0.0,1.0,0.0,49,0,20,0
S15,0.9375,1.0,0.875,0.875,42,6,0,21
S16,0.825,0.65,1.0,0.7878787878787878,47,0,7,13
S17,0.6310444874274661,0.7727272727272727,0.48936170212765956,0.5396825396825397,23,24,5,17
