test_subject,model,balanced_acc,f1_stress
S2,Majority-class baseline,0.5,0.0
S2,Logistic regression,0.6578947368421053,0.48
S2,Gradient boosting,0.8157894736842105,0.7741935483870968
S3,Majority-class baseline,0.5,0.0
S3,Logistic regression,0.8680851063829788,0.8205128205128205
S3,Gradient boosting,0.8085106382978724,0.6896551724137931
S4,Majority-class baseline,0.5,0.0
S4,Logistic regression,1.0,1.0
S4,Gradient boosting,0.8947368421052632,0.8823529411764706
S5,Majority-class baseline,0.5,0.0
S5,Logistic regression,0.7373903508771931,0.6285714285714286
S5,Gradient boosting,0.7368421052631579,0.6428571428571429
S6,Majority-class baseline,0.5,0.0
S6,Logistic regression,0.9680851063829787,0.9302325581395349
S6,Gradient boosting,0.7409574468085106,0.6229508196721312
S7,Majority-class baseline,0.5,0.0
S7,Logistic regression,0.7916666666666667,0.6551724137931034
S7,Gradient boosting,0.7916666666666667,0.6551724137931034
S8,Majority-class baseline,0.5,0.0
S8,Logistic regression,0.9047619047619048,0.8947368421052632
S8,Gradient boosting,0.9285714285714286,0.9230769230769231
S9,Majority-class baseline,0.5,0.0
S9,Logistic regression,0.5789473684210527,0.2727272727272727
S9,Gradient boosting,0.868421052631579,0.8484848484848485
S10,Majority-class baseline,0.5,0.0
S10,Logistic regression,0.6363636363636364,0.42857142857142855
S10,Gradient boosting,0.8636363636363636,0.8421052631578947
S11,Majority-class baseline,0.5,0.0
S11,Logistic regression,0.9183673469387755,0.84
S11,Gradient boosting,0.8163265306122449,0.72
S13,Majority-class baseline,0.5,0.0
S13,Logistic regression,0.6836734693877551,0.5633802816901409
S13,Gradient boosting,0.9795918367346939,0.9523809523809523
S14,Majority-class baseline,0.5,0.0
S14,Logistic regression,0.5943877551020409,0.35714285714285715
S14,Gradient boosting,0.5,0.0
S15,Majority-class baseline,0.5,0.0
S15,Logistic regression,0.5833333333333334,0.5121951219512195
S15,Gradient boosting,0.9077380952380952,0.8780487804878049
S16,Majority-class baseline,0.5,0.0
S16,Logistic regression,0.6345744680851064,0.5352112676056338
S16,Gradient boosting,0.525,0.09523809523809523
S17,Majority-class baseline,0.5,0.0
S17,Logistic regression,0.7756286266924565,0.7
S17,Gradient boosting,0.6112185686653772,0.5294117647058824
