sensor_set,test_subject,balanced_acc
ACC only,S2,0.5572082379862701
ACC only,S3,0.7180851063829787
ACC only,S4,0.5571108622620381
ACC only,S5,0.7527412280701754
ACC only,S6,0.550531914893617
ACC only,S7,0.8229166666666667
ACC only,S8,0.6418439716312057
ACC only,S9,0.6472564389697648
ACC only,S10,0.640715667311412
ACC only,S11,0.7414965986394557
ACC only,S13,0.761734693877551
ACC only,S14,0.8647959183673469
ACC only,S15,0.6875
ACC only,S16,0.6148936170212767
ACC only,S17,0.7437137330754352
BVP only,S2,0.4902745995423341
BVP only,S3,0.5473404255319149
BVP only,S4,0.7413213885778276
BVP only,S5,0.6710526315789473
BVP only,S6,0.5148936170212766
BVP only,S7,0.444078947368421
BVP only,S8,0.6925025329280649
BVP only,S9,0.43505039193729
BVP only,S10,0.5420696324951644
BVP only,S11,0.608843537414966
BVP only,S13,0.6857142857142857
BVP only,S14,0.48316326530612247
BVP only,S15,0.5714285714285714
BVP only,S16,0.4691489361702128
BVP only,S17,0.47388781431334626
TEMP only,S2,0.835812356979405
TEMP only,S3,0.6303191489361701
TEMP only,S4,0.48600223964165734
TEMP only,S5,0.6842105263157895
TEMP only,S6,0.8723404255319149
TEMP only,S7,0.7905701754385965
TEMP only,S8,0.7401215805471124
TEMP only,S9,0.7094064949608063
TEMP only,S10,0.910541586073501
TEMP only,S11,0.9217687074829932
TEMP only,S13,0.8
TEMP only,S14,0.08520408163265306
TEMP only,S15,0.4895833333333333
TEMP only,S16,0.43617021276595747
TEMP only,S17,0.5222437137330754
EDA only,S2,0.8312356979405034
EDA only,S3,0.6473404255319148
EDA only,S4,0.868421052631579
EDA only,S5,0.5290570175438597
EDA only,S6,0.7904255319148936
EDA only,S7,0.5537280701754386
EDA only,S8,0.7619047619047619
EDA only,S9,0.8947368421052632
EDA only,S10,0.7727272727272727
EDA only,S11,0.6564625850340136
EDA only,S13,0.7142857142857143
EDA only,S14,0.5
EDA only,S15,0.7127976190476191
EDA only,S16,0.8
EDA only,S17,0.7040618955512572
EDA + TEMP,S2,0.7894736842105263
EDA + TEMP,S3,0.7585106382978724
EDA + TEMP,S4,0.9210526315789473
EDA + TEMP,S5,0.7894736842105263
EDA + TEMP,S6,0.8404255319148937
EDA + TEMP,S7,0.7653508771929824
EDA + TEMP,S8,0.7380952380952381
EDA + TEMP,S9,0.8947368421052632
EDA + TEMP,S10,0.8181818181818181
EDA + TEMP,S11,0.8435374149659864
EDA + TEMP,S13,0.9591836734693877
EDA + TEMP,S14,0.5
EDA + TEMP,S15,0.9375
EDA + TEMP,S16,0.825
EDA + TEMP,S17,0.6310444874274661
EDA + TEMP + ACC,S2,0.778604118993135
EDA + TEMP + ACC,S3,0.7196808510638297
EDA + TEMP + ACC,S4,0.9210526315789473
EDA + TEMP + ACC,S5,0.6842105263157895
EDA + TEMP + ACC,S6,0.7659574468085106
EDA + TEMP + ACC,S7,0.78125
EDA + TEMP + ACC,S8,0.9047619047619048
EDA + TEMP + ACC,S9,0.8421052631578947
EDA + TEMP + ACC,S10,0.8636363636363636
EDA + TEMP + ACC,S11,0.8401360544217686
EDA + TEMP + ACC,S13,0.9489795918367347
EDA + TEMP + ACC,S14,0.525
EDA + TEMP + ACC,S15,0.9583333333333333
EDA + TEMP + ACC,S16,0.55
EDA + TEMP + ACC,S17,0.6416827852998066
All wrist sensors,S2,0.8157894736842105
All wrist sensors,S3,0.8085106382978724
All wrist sensors,S4,0.8947368421052632
All wrist sensors,S5,0.7368421052631579
All wrist sensors,S6,0.7409574468085106
All wrist sensors,S7,0.7916666666666667
All wrist sensors,S8,0.9285714285714286
All wrist sensors,S9,0.868421052631579
All wrist sensors,S10,0.8636363636363636
All wrist sensors,S11,0.8163265306122449
All wrist sensors,S13,0.9795918367346939
All wrist sensors,S14,0.5
All wrist sensors,S15,0.9077380952380952
All wrist sensors,S16,0.525
All wrist sensors,S17,0.6112185686653772
